<?xml version="1.0" encoding="UTF-8"?>
<project-private xmlns="http://www.netbeans.org/ns/project-private/1">
    <editor-bookmarks xmlns="http://www.netbeans.org/ns/editor-bookmarks/2" lastBookmarkId="0"/>
    <open-files xmlns="http://www.netbeans.org/ns/projectui-open-files/2">
        <group>
            <file>file:/C:/Users/lucas/OneDrive/Documentos/NetBeansProjects/obligatorio2/src/dominio/Movimiento.java</file>
            <file>file:/C:/Users/lucas/OneDrive/Documentos/NetBeansProjects/obligatorio2/src/dominio/Area.java</file>
            <file>file:/C:/Users/lucas/OneDrive/Documentos/NetBeansProjects/obligatorio2/src/dominio/Empleado.java</file>
            <file>file:/C:/Users/lucas/OneDrive/Documentos/NetBeansProjects/obligatorio2/src/dominio/Manager.java</file>
            <file>file:/C:/Users/lucas/OneDrive/Documentos/NetBeansProjects/obligatorio2/src/dominio/Sistema.java</file>
            <file>file:/C:/Users/lucas/OneDrive/Documentos/NetBeansProjects/obligatorio2/src/obligatorio2/Obligatorio2.java</file>
            <file>file:/C:/Users/lucas/OneDrive/Documentos/NetBeansProjects/obligatorio2/src/interfaz/VentanaBajaAreas.java</file>
            <file>file:/C:/Users/lucas/OneDrive/Documentos/NetBeansProjects/obligatorio2/src/interfaz/VentanaAltaAreas.java</file>
            <file>file:/C:/Users/lucas/OneDrive/Documentos/NetBeansProjects/obligatorio2/src/interfaz/VentanaModificarAreas.java</file>
            <file>file:/C:/Users/lucas/OneDrive/Documentos/NetBeansProjects/obligatorio2/src/interfaz/VentanaBienvenida.java</file>
            <file>file:/C:/Users/lucas/OneDrive/Documentos/NetBeansProjects/obligatorio2/src/interfaz/VentanaMovimiento.java</file>
            <file>file:/C:/Users/lucas/OneDrive/Documentos/NetBeansProjects/obligatorio2/src/interfaz/VentanaAltaEmpleados.java</file>
            <file>file:/C:/Users/lucas/OneDrive/Documentos/NetBeansProjects/obligatorio2/src/interfaz/VentanaComenzar.java</file>
            <file>file:/C:/Users/lucas/OneDrive/Documentos/NetBeansProjects/obligatorio2/src/interfaz/VentanaMenu.java</file>
            <file>file:/C:/Users/lucas/OneDrive/Documentos/NetBeansProjects/obligatorio2/src/interfaz/VentanaReporteMovimientos.java</file>
        </group>
    </open-files>
</project-private>
